,C1,C2,C3,state,action,optimal_cost,year
0,76.18947765913136,76.68947765913136,135.25947765913136,9,0,76.18947765913136,1
1,80.5206464903002,79.18947765913136,135.25947765913136,8,1,79.18947765913136,1
2,89.44455953377847,89.0206464903002,135.25947765913136,7,1,89.0206464903002,1
3,106.417372349986,105.94455953377847,135.25947765913136,6,1,105.94455953377847,1
4,121.5313223692055,149.917372349986,135.25947765913136,5,0,121.5313223692055,1
5,130.83090625958272,175.0313223692055,135.25947765913136,4,0,130.83090625958272,1
6,634.3294776591313,186.33090625958272,135.25947765913136,3,2,135.25947765913136,1
7,2134.329477659131,1691.3294776591315,1135.2594776591313,2,2,1135.2594776591313,1
8,2134.329477659131,2192.329477659131,1135.2594776591313,1,2,1135.2594776591313,1
9,2134.329477659131,2192.829477659131,1135.2594776591313,0,2,1135.2594776591313,1
10,75.25947765913136,75.75947765913136,134.32947765913138,9,0,75.25947765913136,2
11,79.5906464903002,78.25947765913136,134.32947765913138,8,1,78.25947765913136,2
12,88.51455953377848,88.0906464903002,134.32947765913138,7,1,88.0906464903002,2
13,105.48737697324287,105.01455953377848,134.32947765913138,6,1,105.01455953377848,2
14,120.60136860275081,148.98737697324287,134.32947765913138,5,0,120.60136860275081,2
15,129.90090626729764,174.10136860275082,134.32947765913138,4,0,129.90090626729764,2
16,633.3994776591314,185.40090626729764,134.32947765913138,3,2,134.32947765913138,2
17,2133.3994776591317,1690.3994776591317,1134.3294776591313,2,2,1134.3294776591313,2
18,2133.3994776591317,2191.3994776591317,1134.3294776591313,1,2,1134.3294776591313,2
19,2133.3994776591317,2191.8994776591317,1134.3294776591313,0,2,1134.3294776591313,2
20,74.32947765913137,74.82947765913137,133.39947765913138,9,0,74.32947765913137,3
21,78.66064649030021,77.32947765913137,133.39947765913138,8,1,77.32947765913137,3
22,87.58455953377847,87.16064649030021,133.39947765913138,7,1,87.16064649030021,3
23,104.55738211007133,104.08455953377847,133.39947765913138,6,1,104.08455953377847,3
24,119.67141997227164,148.05738211007133,133.39947765913138,5,0,119.67141997227164,3
25,128.97090627706336,173.17141997227162,133.39947765913138,4,0,128.97090627706336,3
26,632.4694776591314,184.47090627706336,133.39947765913138,3,2,133.39947765913138,3
27,2132.4694776591314,1689.4694776591314,1133.3994776591314,2,2,1133.3994776591314,3
28,2132.4694776591314,2190.4694776591314,1133.3994776591314,1,2,1133.3994776591314,3
29,2132.4694776591314,2190.9694776591314,1133.3994776591314,0,2,1133.3994776591314,3
30,73.39947765913138,73.89947765913138,132.46947765913137,9,0,73.39947765913138,4
31,77.73064649030022,76.39947765913138,132.46947765913137,8,1,76.39947765913138,4
32,86.65455953377848,86.23064649030022,132.46947765913137,7,1,86.23064649030022,4
33,103.62738781750204,103.15455953377848,132.46947765913137,6,1,103.15455953377848,4
34,118.74147704814348,147.12738781750204,132.46947765913137,5,0,118.74147704814348,4
35,128.040906289425,172.24147704814348,132.46947765913137,4,0,128.040906289425,4
36,631.5394776591313,183.540906289425,132.46947765913137,3,2,132.46947765913137,4
37,2131.539477659131,1688.539477659131,1132.4694776591314,2,2,1132.4694776591314,4
38,2131.539477659131,2189.539477659131,1132.4694776591314,1,2,1132.4694776591314,4
39,2131.539477659131,2190.039477659131,1132.4694776591314,0,2,1132.4694776591314,4
40,72.46947765913139,72.96947765913139,131.5394776591314,9,0,72.46947765913139,5
41,76.80064649030022,75.46947765913139,131.5394776591314,8,1,75.46947765913139,5
42,85.72455953377849,85.30064649030022,131.5394776591314,7,1,85.30064649030022,5
43,102.69739415889367,102.22455953377849,131.5394776591314,6,1,102.22455953377849,5
44,117.81154046404023,146.19739415889367,131.5394776591314,5,0,117.81154046404023,5
45,127.11090630507269,171.31154046404023,131.5394776591314,4,0,127.11090630507269,5
46,630.6094776591315,182.6109063050727,131.5394776591314,3,2,131.5394776591314,5
47,2130.6094776591317,1687.6094776591317,1131.5394776591313,2,2,1131.5394776591313,5
48,2130.6094776591317,2188.6094776591317,1131.5394776591313,1,2,1131.5394776591313,5
49,2130.6094776591317,2189.1094776591317,1131.5394776591313,0,2,1131.5394776591313,5
50,71.53947765913139,72.03947765913139,130.60947765913141,9,0,71.53947765913139,6
51,75.87064649030023,74.53947765913139,130.60947765913141,8,1,74.53947765913139,6
52,84.79455953377851,84.37064649030023,130.60947765913141,7,1,84.37064649030023,6
53,101.76740120463363,101.29455953377851,130.60947765913141,6,1,101.29455953377851,6
54,116.88161092394694,145.26740120463364,130.60947765913141,5,0,116.88161092394694,6
55,126.18090632487986,170.38161092394694,130.60947765913141,4,0,126.18090632487986,6
56,629.6794776591314,181.68090632487986,130.60947765913141,3,2,130.60947765913141,6
57,2129.6794776591314,1686.6794776591314,1130.6094776591315,2,2,1130.6094776591315,6
58,2129.6794776591314,2187.6794776591314,1130.6094776591315,1,2,1130.6094776591315,6
59,2129.6794776591314,2188.1794776591314,1130.6094776591315,0,2,1130.6094776591315,6
60,70.6094776591314,71.1094776591314,129.6794776591314,9,0,70.6094776591314,7
61,74.94064649030025,73.6094776591314,129.6794776591314,8,1,73.6094776591314,7
62,83.86455953377852,83.44064649030025,129.6794776591314,7,1,83.44064649030025,7
63,100.83740903291621,100.36455953377852,129.6794776591314,6,1,100.36455953377852,7
64,115.95168920994635,144.3374090329162,129.6794776591314,5,0,115.95168920994635,7
65,125.25090634995223,169.45168920994635,129.6794776591314,4,0,125.25090634995223,7
66,628.7494776591313,180.75090634995223,129.6794776591314,3,2,129.6794776591314,7
67,2128.749477659131,1685.7494776591311,1129.6794776591314,2,2,1129.6794776591314,7
68,2128.749477659131,2186.749477659131,1129.6794776591314,1,2,1129.6794776591314,7
69,2128.749477659131,2187.249477659131,1129.6794776591314,0,2,1129.6794776591314,7
70,69.67947765913141,70.17947765913141,128.7494776591314,9,0,69.67947765913141,8
71,74.01064649030025,72.67947765913141,128.7494776591314,8,1,72.67947765913141,8
72,82.93455953377853,82.51064649030025,128.7494776591314,7,1,82.51064649030025,8
73,99.9074177306062,99.43455953377853,128.7494776591314,6,1,99.43455953377853,8
74,115.02177619086379,143.4074177306062,128.7494776591314,5,0,115.02177619086379,8
75,124.32090638168943,168.5217761908638,128.7494776591314,4,0,124.32090638168943,8
76,627.8194776591315,179.82090638168944,128.7494776591314,3,2,128.7494776591314,8
77,2127.8194776591317,1684.8194776591317,1128.7494776591313,2,2,1128.7494776591313,8
78,2127.8194776591317,2185.8194776591317,1128.7494776591313,1,2,1128.7494776591313,8
79,2127.8194776591317,2186.3194776591317,1128.7494776591313,0,2,1128.7494776591313,8
80,68.74947765913141,69.24947765913141,127.81947765913142,9,0,68.74947765913141,9
81,73.08064649030025,71.74947765913141,127.81947765913142,8,1,71.74947765913141,9
82,82.00455953377852,81.58064649030025,127.81947765913142,7,1,81.58064649030025,9
83,98.97742739419768,98.50455953377852,127.81947765913142,6,1,98.50455953377852,9
84,114.09187283186387,142.47742739419766,127.81947765913142,5,0,114.09187283186387,9
85,123.39090642186308,167.59187283186387,127.81947765913142,4,0,123.39090642186308,9
86,626.8894776591314,178.89090642186306,127.81947765913142,3,2,127.81947765913142,9
87,2126.8894776591314,1683.8894776591314,1127.8194776591315,2,2,1127.8194776591315,9
88,2126.8894776591314,2184.8894776591314,1127.8194776591315,1,2,1127.8194776591315,9
89,2126.8894776591314,2185.3894776591314,1127.8194776591315,0,2,1127.8194776591315,9
90,67.81947765913142,68.31947765913142,126.88947765913142,9,0,67.81947765913142,10
91,72.15064649030025,70.81947765913142,126.88947765913142,8,1,70.81947765913142,10
92,81.07455953377851,80.65064649030025,126.88947765913142,7,1,80.65064649030025,10
93,98.04743813087785,97.57455953377851,126.88947765913142,6,1,97.57455953377851,10
94,113.16198020510254,141.54743813087785,126.88947765913142,5,0,113.16198020510254,10
95,122.4609064727158,166.66198020510254,126.88947765913142,4,0,122.4609064727158,10
96,625.9594776591314,177.9609064727158,126.88947765913142,3,2,126.88947765913142,10
97,2125.959477659131,1682.9594776591312,1126.8894776591314,2,2,1126.8894776591314,10
98,2125.959477659131,2183.959477659131,1126.8894776591314,1,2,1126.8894776591314,10
99,2125.959477659131,2184.459477659131,1126.8894776591314,0,2,1126.8894776591314,10
100,66.88947765913142,67.38947765913142,125.95947765913142,9,0,66.88947765913142,11
101,71.22064649030025,69.88947765913142,125.95947765913142,8,1,69.88947765913142,11
102,80.14455953377852,79.72064649030025,125.95947765913142,7,1,79.72064649030025,11
103,97.11745005970766,96.64455953377852,125.95947765913142,6,1,96.64455953377852,11
104,112.23209950154879,140.61745005970766,125.95947765913142,5,0,112.23209950154879,11
105,121.53090653708632,165.7320995015488,125.95947765913142,4,0,121.53090653708632,11
106,625.0294776591313,177.0309065370863,125.95947765913142,3,2,125.95947765913142,11
107,2125.0294776591313,1682.0294776591313,1125.9594776591314,2,2,1125.9594776591314,11
108,2125.0294776591313,2183.0294776591313,1125.9594776591314,1,2,1125.9594776591314,11
109,2125.0294776591313,2183.5294776591313,1125.9594776591314,0,2,1125.9594776591314,11
110,65.95947765913142,66.45947765913142,125.02947765913143,9,0,65.95947765913142,12
111,70.29064649030026,68.95947765913142,125.02947765913143,8,1,68.95947765913142,12
112,79.21455953377853,78.79064649030026,125.02947765913143,7,1,78.79064649030026,12
113,96.18746331293158,95.71455953377853,125.02947765913143,6,1,95.71455953377853,12
114,111.3022320441022,139.68746331293158,125.02947765913143,5,0,111.3022320441022,12
115,120.600906618568,164.8022320441022,125.02947765913143,4,0,120.600906618568,12
116,624.0994776591315,176.100906618568,125.02947765913143,3,2,125.02947765913143,12
117,2124.0994776591315,1681.0994776591315,1125.0294776591313,2,2,1125.0294776591313,12
118,2124.0994776591315,2182.0994776591315,1125.0294776591313,1,2,1125.0294776591313,12
119,2124.0994776591315,2182.5994776591315,1125.0294776591313,0,2,1125.0294776591313,12
120,65.02947765913143,65.52947765913143,124.09947765913142,9,0,65.02947765913143,13
121,69.36064649030025,68.02947765913143,124.09947765913142,8,1,68.02947765913143,13
122,78.28455953377852,77.86064649030025,124.09947765913142,7,1,77.86064649030025,13
123,95.25747803743036,94.78455953377852,124.09947765913142,6,1,94.78455953377852,13
124,110.37237930214584,138.75747803743036,124.09947765913142,5,0,110.37237930214584,13
125,119.67090672170937,163.87237930214584,124.09947765913142,4,0,119.67090672170937,13
126,623.1694776591314,175.17090672170937,124.09947765913142,3,2,124.09947765913142,13
127,2123.169477659131,1680.1694776591312,1124.0994776591315,2,2,1124.0994776591315,13
128,2123.169477659131,2181.169477659131,1124.0994776591315,1,2,1124.0994776591315,13
129,2123.169477659131,2181.669477659131,1124.0994776591315,0,2,1124.0994776591315,13
130,64.09947765913142,64.59947765913142,123.16947765913142,9,0,64.09947765913142,14
131,68.43064649030025,67.09947765913142,123.16947765913142,8,1,67.09947765913142,14
132,77.35455953377851,76.93064649030025,123.16947765913142,7,1,76.93064649030025,14
133,94.32749439633191,93.85455953377851,123.16947765913142,6,1,93.85455953377851,14
134,109.44254290768782,137.82749439633193,123.16947765913142,5,0,109.44254290768782,14
135,118.74090685226807,162.94254290768782,123.16947765913142,4,0,118.74090685226807,14
136,622.2394776591314,174.24090685226807,123.16947765913142,3,2,123.16947765913142,14
137,2122.2394776591314,1679.2394776591314,1123.1694776591314,2,2,1123.1694776591314,14
138,2122.2394776591314,2180.2394776591314,1123.1694776591314,1,2,1123.1694776591314,14
139,2122.2394776591314,2180.7394776591314,1123.1694776591314,0,2,1123.1694776591314,14
140,63.169477659131424,63.669477659131424,122.23947765913142,9,0,63.169477659131424,15
141,67.50064649030026,66.16947765913142,122.23947765913142,8,1,66.16947765913142,15
142,76.42455953377852,76.00064649030026,122.23947765913142,7,1,76.00064649030026,15
143,93.39751257079725,92.92455953377852,122.23947765913142,6,1,92.92455953377852,15
144,108.51272467326066,136.89751257079723,122.23947765913142,5,0,108.51272467326066,15
145,117.81090701753223,162.01272467326066,122.23947765913142,4,0,117.81090701753223,15
146,621.3094776591315,173.31090701753223,122.23947765913142,3,2,122.23947765913142,15
147,2121.3094776591315,1678.3094776591315,1122.2394776591314,2,2,1122.2394776591314,15
148,2121.3094776591315,2179.3094776591315,1122.2394776591314,1,2,1122.2394776591314,15
149,2121.3094776591315,2179.8094776591315,1122.2394776591314,0,2,1122.2394776591314,15
150,62.239477659131424,62.739477659131424,121.30947765913143,9,0,62.239477659131424,16
151,66.57064649030026,65.23947765913142,121.30947765913143,8,1,65.23947765913142,16
152,75.49455953377853,75.07064649030026,121.30947765913143,7,1,75.07064649030026,16
153,92.46753276199958,91.99455953377853,121.30947765913143,6,1,91.99455953377853,16
154,107.58292661176435,135.96753276199956,121.30947765913143,5,0,107.58292661176435,16
155,116.88090722672737,161.08292661176435,121.30947765913143,4,0,116.88090722672737,16
156,620.3794776591315,172.38090722672737,121.30947765913143,3,2,121.30947765913143,16
157,2120.379477659131,1677.3794776591312,1121.3094776591315,2,2,1121.3094776591315,16
158,2120.379477659131,2178.379477659131,1121.3094776591315,1,2,1121.3094776591315,16
159,2120.379477659131,2178.879477659131,1121.3094776591315,0,2,1121.3094776591315,16
160,61.309477659131424,61.809477659131424,120.37947765913142,9,0,61.309477659131424,17
161,65.64064649030027,64.30947765913143,120.37947765913142,8,1,64.30947765913143,17
162,74.56455953377852,74.14064649030027,120.37947765913142,7,1,74.14064649030027,17
163,91.5375551933169,91.06455953377852,120.37947765913142,6,1,91.06455953377852,17
164,106.65315095845689,135.0375551933169,120.37947765913142,5,0,106.65315095845689,17
165,115.95090749153135,160.15315095845688,120.37947765913142,4,0,115.95090749153135,17
166,619.4494776591314,171.45090749153135,120.37947765913142,3,2,120.37947765913142,17
167,2119.4494776591314,1676.4494776591314,1120.3794776591315,2,2,1120.3794776591315,17
168,2119.4494776591314,2177.4494776591314,1120.3794776591315,1,2,1120.3794776591315,17
169,2119.4494776591314,2177.9494776591314,1120.3794776591315,0,2,1120.3794776591315,17
170,60.37947765913143,60.87947765913143,119.44947765913143,9,0,60.37947765913143,18
171,64.71064649030026,63.37947765913143,119.44947765913143,8,1,63.37947765913143,18
172,73.63455953377854,73.21064649030026,119.44947765913143,7,1,73.21064649030026,18
173,90.60758011275982,90.13455953377854,119.44947765913143,6,1,90.13455953377854,18
174,105.72340019531585,134.10758011275982,119.44947765913143,5,0,105.72340019531585,18
175,115.02090782672627,159.22340019531583,119.44947765913143,4,0,115.02090782672627,18
176,618.5194776591313,170.52090782672627,119.44947765913143,3,2,119.44947765913143,18
177,2118.5194776591316,1675.5194776591316,1119.4494776591314,2,2,1119.4494776591314,18
178,2118.5194776591316,2176.5194776591316,1119.4494776591314,1,2,1119.4494776591314,18
179,2118.5194776591316,2177.0194776591316,1119.4494776591314,0,2,1119.4494776591314,18
180,59.44947765913143,59.94947765913143,118.51947765913144,9,0,59.44947765913143,19
181,63.78064649030027,62.44947765913143,118.51947765913144,8,1,62.44947765913143,19
182,72.70455953377854,72.28064649030027,118.51947765913144,7,1,72.28064649030027,19
183,89.67760779565887,89.20455953377854,118.51947765913144,6,1,89.20455953377854,19
184,104.79367707801498,133.17760779565887,118.51947765913144,5,0,104.79367707801498,19
185,114.09090825102362,158.29367707801498,118.51947765913144,4,0,114.09090825102362,19
186,617.5894776591315,169.59090825102362,118.51947765913144,3,2,118.51947765913144,19
187,2117.5894776591313,1674.5894776591313,1118.5194776591313,2,2,1118.5194776591313,19
188,2117.5894776591313,2175.5894776591313,1118.5194776591313,1,2,1118.5194776591313,19
189,2117.5894776591313,2176.0894776591313,1118.5194776591313,0,2,1118.5194776591313,19
190,58.51947765913143,59.01947765913143,117.58947765913143,9,0,58.51947765913143,20
191,62.850646490300264,61.51947765913143,117.58947765913143,8,1,61.51947765913143,20
192,71.77455953377853,71.35064649030026,117.58947765913143,7,1,71.35064649030026,20
193,88.74763854763707,88.27455953377853,117.58947765913143,6,1,88.27455953377853,20
194,103.86398466578231,132.24763854763705,117.58947765913143,5,0,103.86398466578231,20
195,113.16090878810888,157.3639846657823,117.58947765913143,4,0,113.16090878810888,20
196,616.6594776591314,168.66090878810888,117.58947765913143,3,2,117.58947765913143,20
197,2116.6594776591314,1673.6594776591314,1117.5894776591315,2,2,1117.5894776591315,20
198,2116.6594776591314,2174.6594776591314,1117.5894776591315,1,2,1117.5894776591315,20
199,2116.6594776591314,2175.1594776591314,1117.5894776591315,0,2,1117.5894776591315,20
200,57.58947765913143,58.08947765913143,116.65947765913143,9,0,57.58947765913143,21
201,61.92064649030027,60.58947765913143,116.65947765913143,8,1,60.58947765913143,21
202,70.84455953377854,70.42064649030027,116.65947765913143,7,1,70.42064649030027,21
203,87.81767270789597,87.34455953377854,116.65947765913143,6,1,87.34455953377854,21
204,102.93432635442883,131.31767270789595,116.65947765913143,5,0,102.93432635442883,21
205,112.23090946796364,156.43432635442883,116.65947765913143,4,0,112.23090946796364,21
206,615.7294776591314,167.73090946796364,116.65947765913143,3,2,116.65947765913143,21
207,2115.7294776591316,1672.7294776591316,1116.6594776591314,2,2,1116.6594776591314,21
208,2115.7294776591316,2173.7294776591316,1116.6594776591314,1,2,1116.6594776591314,21
209,2115.7294776591316,2174.2294776591316,1116.6594776591314,0,2,1116.6594776591314,21
210,56.65947765913143,57.15947765913143,115.72947765913145,9,0,56.65947765913143,22
211,60.99064649030028,59.65947765913143,115.72947765913145,8,1,59.65947765913143,22
212,69.91455953377854,69.49064649030028,115.72947765913145,7,1,69.49064649030028,22
213,86.88771065284583,86.41455953377854,115.72947765913145,6,1,86.41455953377854,22
214,102.00470591286101,130.38771065284584,115.72947765913145,5,0,102.00470591286101,22
215,111.30091032853929,155.50470591286103,115.72947765913145,4,0,111.30091032853929,22
216,614.7994776591315,166.8009103285393,115.72947765913145,3,2,115.72947765913145,22
217,2114.7994776591313,1671.7994776591313,1115.7294776591314,2,2,1115.7294776591314,22
218,2114.7994776591313,2172.7994776591313,1115.7294776591314,1,2,1115.7294776591314,22
219,2114.7994776591313,2173.2994776591313,1115.7294776591314,0,2,1115.7294776591314,22
220,55.72947765913144,56.22947765913144,114.79947765913144,9,0,55.72947765913144,23
221,60.06064649030027,58.72947765913144,114.79947765913144,8,1,58.72947765913144,23
222,68.98455953377854,68.56064649030027,114.79947765913144,7,1,68.56064649030027,23
223,85.95775280011215,85.48455953377854,114.79947765913144,6,1,85.48455953377854,23
224,101.07512752341495,129.45775280011213,114.79947765913144,5,0,101.07512752341495,23
225,110.37091141787556,154.57512752341495,114.79947765913144,4,0,110.37091141787556,23
226,613.8694776591315,165.87091141787556,114.79947765913144,3,2,114.79947765913144,23
227,2113.8694776591315,1670.8694776591315,1114.7994776591315,2,2,1114.7994776591315,23
228,2113.8694776591315,2171.8694776591315,1114.7994776591315,1,2,1114.7994776591315,23
229,2113.8694776591315,2172.3694776591315,1114.7994776591315,0,2,1114.7994776591315,23
230,54.79947765913144,55.29947765913144,113.86947765913143,9,0,54.79947765913144,24
231,59.13064649030028,57.79947765913144,113.86947765913143,8,1,57.79947765913144,24
232,68.05455953377854,67.63064649030028,113.86947765913143,7,1,67.63064649030028,24
233,85.02779961295356,84.55455953377854,113.86947765913143,6,1,84.55455953377854,24
234,100.14559582637415,128.52779961295357,113.86947765913143,5,0,100.14559582637415,24
235,109.44091279678221,153.64559582637415,113.86947765913143,4,0,109.44091279678221,24
236,612.9394776591314,164.94091279678221,113.86947765913143,3,2,113.86947765913143,24
237,2112.9394776591316,1669.9394776591316,1113.8694776591315,2,2,1113.8694776591315,24
238,2112.9394776591316,2170.9394776591316,1113.8694776591315,1,2,1113.8694776591315,24
239,2112.9394776591316,2171.4394776591316,1113.8694776591315,0,2,1113.8694776591315,24
240,53.86947765913144,54.36947765913144,112.93947765913144,9,0,53.86947765913144,25
241,58.20064649030027,56.86947765913144,112.93947765913144,8,1,56.86947765913144,25
242,67.12455953377854,66.70064649030027,112.93947765913144,7,1,66.70064649030027,25
243,84.09785160512746,83.62455953377854,112.93947765913144,6,1,83.62455953377854,25
244,99.21611596905642,127.59785160512746,112.93947765913144,5,0,99.21611596905642,25
245,108.51091454223368,152.71611596905643,112.93947765913144,4,0,108.51091454223368,25
246,612.0094776591313,164.01091454223368,112.93947765913144,3,2,112.93947765913144,25
247,2112.0094776591313,1669.0094776591313,1112.9394776591314,2,2,1112.9394776591314,25
248,2112.0094776591313,2170.0094776591313,1112.9394776591314,1,2,1112.9394776591314,25
249,2112.0094776591313,2170.5094776591313,1112.9394776591314,0,2,1112.9394776591314,25
250,52.93947765913144,53.43947765913144,112.00947765913145,9,0,52.93947765913144,26
251,57.27064649030028,55.93947765913144,112.00947765913145,8,1,55.93947765913144,26
252,66.19455953377854,65.77064649030028,112.00947765913145,7,1,65.77064649030028,26
253,83.16790934624208,82.69455953377854,112.00947765913145,6,1,82.69455953377854,26
254,98.28669365987757,126.66790934624208,112.00947765913145,5,0,98.28669365987757,26
255,107.58091675166591,151.78669365987759,112.00947765913145,4,0,107.58091675166591,26
256,611.0794776591315,163.0809167516659,112.00947765913145,3,2,112.00947765913145,26
257,2111.0794776591315,1668.0794776591315,1112.0094776591313,2,2,1112.0094776591313,26
258,2111.0794776591315,2169.0794776591315,1112.0094776591313,1,2,1112.0094776591313,26
259,2111.0794776591315,2169.5794776591315,1112.0094776591313,0,2,1112.0094776591313,26
260,52.00947765913144,52.50947765913144,111.07947765913144,9,0,52.00947765913144,27
261,56.34064649030028,55.00947765913144,111.07947765913144,8,1,55.00947765913144,27
262,65.26455953377855,64.84064649030029,111.07947765913144,7,1,64.84064649030029,27
263,82.2379734676342,81.76455953377855,111.07947765913144,6,1,81.76455953377855,27
264,97.35733522781779,125.7379734676342,111.07947765913144,5,0,97.35733522781779,27
265,106.65091954841557,150.85733522781777,111.07947765913144,4,0,106.65091954841557,27
266,610.1494776591314,162.15091954841557,111.07947765913144,3,2,111.07947765913144,27
267,2110.1494776591317,1667.1494776591317,1111.0794776591315,2,2,1111.0794776591315,27
268,2110.1494776591317,2168.1494776591317,1111.0794776591315,1,2,1111.0794776591315,27
269,2110.1494776591317,2168.6494776591317,1111.0794776591315,0,2,1111.0794776591315,27
270,51.07947765913144,51.57947765913144,110.14947765913145,9,0,51.07947765913144,28
271,55.41064649030028,54.07947765913144,110.14947765913145,8,1,54.07947765913144,28
272,64.33455953377855,63.91064649030028,110.14947765913145,7,1,63.91064649030028,28
273,81.30804466881294,80.83455953377855,110.14947765913145,6,1,80.83455953377855,28
274,96.42804768773031,124.80804466881294,110.14947765913145,5,0,96.42804768773031,28
275,105.72092308860502,149.92804768773033,110.14947765913145,4,0,105.72092308860502,28
276,609.2194776591314,161.22092308860502,110.14947765913145,3,2,110.14947765913145,28
277,2109.2194776591314,1666.2194776591314,1110.1494776591314,2,2,1110.1494776591314,28
278,2109.2194776591314,2167.2194776591314,1110.1494776591314,1,2,1110.1494776591314,28
279,2109.2194776591314,2167.7194776591314,1110.1494776591314,0,2,1110.1494776591314,28
280,50.14947765913145,50.64947765913145,109.21947765913146,9,0,50.14947765913145,29
281,54.48064649030029,53.14947765913145,109.21947765913146,8,1,53.14947765913145,29
282,63.404559533778546,62.98064649030029,109.21947765913146,7,1,62.98064649030029,29
283,80.37812372450902,79.90455953377855,109.21947765913146,6,1,79.90455953377855,29
284,95.4988388119384,123.87812372450902,109.21947765913146,5,0,95.4988388119384,29
285,104.79092756985749,148.9988388119384,109.21947765913146,4,0,104.79092756985749,29
286,608.2894776591315,160.2909275698575,109.21947765913146,3,2,109.21947765913146,29
287,2108.2894776591315,1665.2894776591315,1109.2194776591314,2,2,1109.2194776591314,29
288,2108.2894776591315,2166.2894776591315,1109.2194776591314,1,2,1109.2194776591314,29
289,2108.2894776591315,2166.7894776591315,1109.2194776591314,0,2,1109.2194776591314,29
290,49.21947765913145,49.71947765913145,108.28947765913145,9,0,49.21947765913145,30
291,53.55064649030028,52.21947765913145,108.28947765913145,8,1,52.21947765913145,30
292,62.47455953377855,62.05064649030028,108.28947765913145,7,1,62.05064649030028,30
293,79.44821149236793,78.97455953377855,108.28947765913145,6,1,78.97455953377855,30
294,94.56971720856166,122.94821149236793,108.28947765913145,5,0,94.56971720856166,30
295,103.86093324232897,148.06971720856166,108.28947765913145,4,0,103.86093324232897,30
296,607.3594776591315,159.36093324232897,108.28947765913145,3,2,108.28947765913145,30
297,2107.3594776591317,1664.3594776591317,1108.2894776591315,2,2,1108.2894776591315,30
298,2107.3594776591317,2165.3594776591317,1108.2894776591315,1,2,1108.2894776591315,30
299,2107.3594776591317,2165.8594776591317,1108.2894776591315,0,2,1108.2894776591315,30
300,48.28947765913145,48.78947765913145,107.35947765913144,9,0,48.28947765913145,31
301,52.62064649030029,51.28947765913145,107.35947765913144,8,1,51.28947765913145,31
302,61.54455953377856,61.12064649030029,107.35947765913144,7,1,61.12064649030029,31
303,78.51830892132072,78.04455953377857,107.35947765913144,6,1,78.04455953377857,31
304,93.64069240699378,122.01830892132072,107.35947765913144,5,0,93.64069240699378,31
305,102.93094042267262,147.14069240699376,107.35947765913144,4,0,102.93094042267262,31
306,606.4294776591314,158.43094042267262,107.35947765913144,3,2,107.35947765913144,31
307,2106.4294776591314,1663.4294776591314,1107.3594776591315,2,2,1107.3594776591315,31
308,2106.4294776591314,2164.4294776591314,1107.3594776591315,1,2,1107.3594776591315,31
309,2106.4294776591314,2164.9294776591314,1107.3594776591315,0,2,1107.3594776591315,31
310,47.35947765913145,47.85947765913145,106.42947765913146,9,0,47.35947765913145,32
311,51.690646490300296,50.35947765913145,106.42947765913146,8,1,50.35947765913145,32
312,60.614559533778554,60.190646490300296,106.42947765913146,7,1,60.190646490300296,32
313,77.58841706066153,77.11455953377856,106.42947765913146,6,1,77.11455953377856,32
314,92.71177495091362,121.08841706066153,106.42947765913146,5,0,92.71177495091362,32
315,102.0009495117152,146.21177495091362,106.42947765913146,4,0,102.0009495117152,32
316,605.4994776591316,157.5009495117152,106.42947765913146,3,2,106.42947765913146,32
317,2105.4994776591316,1662.4994776591316,1106.4294776591314,2,2,1106.4294776591314,32
318,2105.4994776591316,2163.4994776591316,1106.4294776591314,1,2,1106.4294776591314,32
319,2105.4994776591316,2163.9994776591316,1106.4294776591314,0,2,1106.4294776591314,32
320,46.42947765913146,46.92947765913146,105.49947765913146,9,0,46.42947765913146,33
321,50.76064649030029,49.42947765913146,105.49947765913146,8,1,49.42947765913146,33
322,59.68455953377856,59.26064649030029,105.49947765913146,7,1,59.26064649030029,33
323,76.65853706985027,76.18455953377855,105.49947765913146,6,1,76.18455953377855,33
324,91.78297649914487,120.15853706985027,105.49947765913146,5,0,91.78297649914487,33
325,101.0709610168324,145.28297649914487,105.49947765913146,4,0,101.0709610168324,33
326,604.5694776591315,156.5709610168324,105.49947765913146,3,2,105.49947765913146,33
327,2104.5694776591317,1661.5694776591317,1105.4994776591316,2,2,1105.4994776591316,33
328,2104.5694776591317,2162.5694776591317,1105.4994776591316,1,2,1105.4994776591316,33
329,2104.5694776591317,2163.0694776591317,1105.4994776591316,0,2,1105.4994776591316,33
330,45.49947765913146,45.99947765913146,104.56947765913146,9,0,45.49947765913146,34
331,49.830646490300296,48.49947765913146,104.56947765913146,8,1,48.49947765913146,34
332,58.75455953377856,58.330646490300296,104.56947765913146,7,1,58.330646490300296,34
333,75.72867022904596,75.25455953377856,104.56947765913146,6,1,75.25455953377856,34
334,90.8543099345752,119.22867022904596,104.56947765913146,5,0,90.8543099345752,34
335,100.14097558027188,144.3543099345752,104.56947765913146,4,0,100.14097558027188,34
336,603.6394776591314,155.64097558027188,104.56947765913146,3,2,104.56947765913146,34
337,2103.6394776591314,1660.6394776591314,1104.5694776591315,2,2,1104.5694776591315,34
338,2103.6394776591314,2161.6394776591314,1104.5694776591315,1,2,1104.5694776591315,34
339,2103.6394776591314,2162.1394776591314,1104.5694776591315,0,2,1104.5694776591315,34
340,44.569477659131465,45.069477659131465,103.63947765913147,9,0,44.569477659131465,35
341,48.900646490300296,47.569477659131465,103.63947765913147,8,1,47.569477659131465,35
342,57.82455953377856,57.400646490300296,103.63947765913147,7,1,57.400646490300296,35
343,74.79881795035679,74.32455953377857,103.63947765913147,6,1,74.32455953377857,35
344,89.92578948119406,118.29881795035679,103.63947765913147,5,0,89.92578948119406,35
345,99.2109940150054,143.42578948119404,103.63947765913147,4,0,99.2109940150054,35
346,602.7094776591314,154.71099401500538,103.63947765913147,3,2,103.63947765913147,35
347,2102.709477659131,1659.7094776591312,1103.6394776591314,2,2,1103.6394776591314,35
348,2102.709477659131,2160.709477659131,1103.6394776591314,1,2,1103.6394776591314,35
349,2102.709477659131,2161.209477659131,1103.6394776591314,0,2,1103.6394776591314,35
350,43.639477659131465,44.139477659131465,102.70947765913147,9,0,43.639477659131465,36
351,47.9706464903003,46.639477659131465,102.70947765913147,8,1,46.639477659131465,36
352,56.89455953377857,56.4706464903003,102.70947765913147,7,1,56.4706464903003,36
353,73.8689817897655,73.39455953377856,102.70947765913147,6,1,73.39455953377856,36
354,88.99743082909215,117.3689817897655,102.70947765913147,5,0,88.99743082909215,36
355,98.28101735011111,142.49743082909214,102.70947765913147,4,0,98.28101735011111,36
356,601.7794776591315,153.7810173501111,102.70947765913147,3,2,102.70947765913147,36
357,2101.7794776591318,1658.7794776591318,1102.7094776591314,2,2,1102.7094776591314,36
358,2101.7794776591318,2159.7794776591318,1102.7094776591314,1,2,1102.7094776591314,36
359,2101.7794776591318,2160.2794776591318,1102.7094776591314,0,2,1102.7094776591314,36
360,42.709477659131466,43.209477659131466,101.77947765913146,9,0,42.709477659131466,37
361,47.040646490300304,45.709477659131466,101.77947765913146,8,1,45.709477659131466,37
362,55.96455953377856,55.540646490300304,101.77947765913146,7,1,55.540646490300304,37
363,72.93916345965289,72.46455953377856,101.77947765913146,6,1,72.46455953377856,37
364,88.06925126696687,116.43916345965289,101.77947765913146,5,0,88.06925126696687,37
365,97.35104688821963,141.5692512669669,101.77947765913146,4,0,97.35104688821963,37
366,600.8494776591315,152.85104688821963,101.77947765913146,3,2,101.77947765913146,37
367,2100.8494776591315,1657.8494776591315,1101.7794776591315,2,2,1101.7794776591315,37
368,2100.8494776591315,2158.8494776591315,1101.7794776591315,1,2,1101.7794776591315,37
369,2100.8494776591315,2159.3494776591315,1101.7794776591315,0,2,1101.7794776591315,37
370,41.779477659131466,42.279477659131466,100.84947765913147,9,0,41.779477659131466,38
371,46.1106464903003,44.779477659131466,100.84947765913147,8,1,44.779477659131466,38
372,55.03455953377857,54.6106464903003,100.84947765913147,7,1,54.6106464903003,38
373,72.009364841792,71.53455953377858,100.84947765913147,6,1,71.53455953377858,38
374,87.14126982127091,115.509364841792,100.84947765913147,5,0,87.14126982127091,38
375,96.42108427823041,140.6412698212709,100.84947765913147,4,0,96.42108427823041,38
376,599.9194776591314,151.9210842782304,100.84947765913147,3,2,100.84947765913147,38
377,2099.919477659131,1656.9194776591312,1100.8494776591315,2,2,1100.8494776591315,38
378,2099.919477659131,2157.919477659131,1100.8494776591315,1,2,1100.8494776591315,38
379,2099.919477659131,2158.419477659131,1100.8494776591315,0,2,1100.8494776591315,38
380,40.849477659131466,41.349477659131466,99.91947765913147,9,0,40.849477659131466,39
381,45.180646490300305,43.849477659131466,99.91947765913147,8,1,43.849477659131466,39
382,54.10455953377857,53.680646490300305,99.91947765913147,7,1,53.680646490300305,39
383,71.07958800062148,70.60455953377857,99.91947765913147,6,1,70.60455953377857,39
384,86.21350740059457,114.57958800062148,99.91947765913147,5,0,86.21350740059457,39
385,95.49113160735796,139.71350740059455,99.91947765913147,4,0,95.49113160735796,39
386,598.9894776591316,150.99113160735794,99.91947765913147,3,2,99.91947765913147,39
387,2098.989477659132,1655.9894776591314,1099.9194776591314,2,2,1099.9194776591314,39
388,2098.989477659132,2156.989477659132,1099.9194776591314,1,2,1099.9194776591314,39
389,2098.989477659132,2157.489477659132,1099.9194776591314,0,2,1099.9194776591314,39
390,39.91947765913147,40.41947765913147,98.98947765913147,9,0,39.91947765913147,40
391,44.250646490300305,42.91947765913147,98.98947765913147,8,1,42.91947765913147,40
392,53.17455953377857,52.750646490300305,98.98947765913147,7,1,52.750646490300305,40
393,70.14983519651841,69.67455953377856,98.98947765913147,6,1,69.67455953377856,40
394,85.28598694314441,113.64983519651841,98.98947765913147,5,0,85.28598694314441,40
395,94.56119151764601,138.7859869431444,98.98947765913147,4,0,94.56119151764601,40
396,598.0594776591315,150.06119151764602,98.98947765913147,3,2,98.98947765913147,40
397,2098.0594776591315,1655.0594776591315,1098.9894776591316,2,2,1098.9894776591316,40
398,2098.0594776591315,2156.0594776591315,1098.9894776591316,1,2,1098.9894776591316,40
399,2098.0594776591315,2156.5594776591315,1098.9894776591316,0,2,1098.9894776591316,40
400,38.989477659131474,39.489477659131474,98.05947765913147,9,0,38.989477659131474,41
401,43.320646490300305,41.989477659131474,98.05947765913147,8,1,41.989477659131474,41
402,52.24455953377857,51.820646490300305,98.05947765913147,7,1,51.820646490300305,41
403,69.22010889867914,68.74455953377857,98.05947765913147,6,1,68.74455953377857,41
404,84.35873356422117,112.72010889867914,98.05947765913147,5,0,84.35873356422117,41
405,93.63126735345367,137.85873356422115,98.05947765913147,4,0,93.63126735345367,41
406,597.1294776591315,149.13126735345367,98.05947765913147,3,2,98.05947765913147,41
407,2097.129477659131,1654.1294776591312,1098.0594776591315,2,2,1098.0594776591315,41
408,2097.129477659131,2155.129477659131,1098.0594776591315,1,2,1098.0594776591315,41
409,2097.129477659131,2155.629477659131,1098.0594776591315,0,2,1098.0594776591315,41
410,38.059477659131474,38.559477659131474,97.12947765913148,9,0,38.059477659131474,42
411,42.390646490300306,41.059477659131474,97.12947765913148,8,1,41.059477659131474,42
412,51.314559533778564,50.890646490300306,97.12947765913148,7,1,50.890646490300306,42
413,68.29041179706837,67.81455953377856,97.12947765913148,6,1,67.81455953377856,42
414,83.43177469934052,111.79041179706837,97.12947765913148,5,0,83.43177469934052,42
415,92.70136334814691,136.9317746993405,97.12947765913148,4,0,92.70136334814691,42
416,596.1994776591314,148.2013633481469,97.12947765913148,3,2,97.12947765913148,42
417,2096.1994776591314,1653.1994776591314,1097.1294776591315,2,2,1097.1294776591315,42
418,2096.1994776591314,2154.1994776591314,1097.1294776591315,1,2,1097.1294776591315,42
419,2096.1994776591314,2154.6994776591314,1097.1294776591315,0,2,1097.1294776591315,42
420,37.129477659131474,37.629477659131474,96.19947765913147,9,0,37.129477659131474,43
421,41.460646490300306,40.129477659131474,96.19947765913147,8,1,40.129477659131474,43
422,50.38455953377856,49.960646490300306,96.19947765913147,7,1,49.960646490300306,43
423,67.36074681270416,66.88455953377856,96.19947765913147,6,1,66.88455953377856,43
424,82.5051402369987,110.86074681270416,96.19947765913147,5,0,82.5051402369987,43
425,91.77148486041685,136.0051402369987,96.19947765913147,4,0,91.77148486041685,43
426,595.2694776591316,147.27148486041685,96.19947765913147,3,2,96.19947765913147,43
427,2095.2694776591316,1652.2694776591316,1096.1994776591314,2,2,1096.1994776591314,43
428,2095.2694776591316,2153.2694776591316,1096.1994776591314,1,2,1096.1994776591314,43
429,2095.2694776591316,2153.7694776591316,1096.1994776591314,0,2,1096.1994776591314,43
430,36.199477659131475,36.699477659131475,95.26947765913147,9,0,36.199477659131475,44
431,40.5306464903003,39.199477659131475,95.26947765913147,8,1,39.199477659131475,44
432,49.454559533778536,49.0306464903003,95.26947765913147,7,1,49.0306464903003,44
433,66.43111710529944,65.95455953377854,95.26947765913147,6,1,65.95455953377854,44
434,81.57886263295225,109.93111710529944,95.26947765913147,5,0,81.57886263295225,44
435,90.84163867341677,135.07886263295225,95.26947765913147,4,0,90.84163867341677,44
436,594.3394776591315,146.34163867341675,95.26947765913147,3,2,95.26947765913147,44
437,2094.3394776591313,1651.3394776591313,1095.2694776591316,2,2,1095.2694776591316,44
438,2094.3394776591313,2152.3394776591313,1095.2694776591316,1,2,1095.2694776591316,44
439,2094.3394776591313,2152.8394776591313,1095.2694776591316,0,2,1095.2694776591316,44
440,35.269477659131475,35.769477659131475,94.33947765913148,9,0,35.269477659131475,45
441,39.600646490300285,38.269477659131475,94.33947765913148,8,1,38.269477659131475,45
442,48.524559533778444,48.100646490300285,94.33947765913148,7,1,48.100646490300285,45
443,65.50152607695917,65.02455953377844,94.33947765913148,6,1,65.02455953377844,45
444,80.65297699512287,109.00152607695917,94.33947765913148,5,0,80.65297699512287,45
445,89.91183337341666,134.15297699512286,94.33947765913148,4,0,89.91183337341666,45
446,593.4094776591314,145.41183337341664,94.33947765913148,3,2,94.33947765913148,45
447,2093.4094776591314,1650.4094776591314,1094.3394776591315,2,2,1094.3394776591315,45
448,2093.4094776591314,2151.4094776591314,1094.3394776591315,1,2,1094.3394776591315,45
449,2093.4094776591314,2151.9094776591314,1094.3394776591315,0,2,1094.3394776591315,45
450,34.339477659131475,34.839477659131475,93.40947765913148,9,0,34.339477659131475,46
451,38.670646490300214,37.339477659131475,93.40947765913148,8,1,37.339477659131475,46
452,47.594559533778025,47.170646490300214,93.40947765913148,7,1,47.170646490300214,46
453,64.57197737022084,64.09455953377802,93.40947765913148,6,1,64.09455953377802,46
454,79.72752112467955,108.07197737022084,93.40947765913148,5,0,79.72752112467955,46
455,88.9820798291127,133.22752112467955,93.40947765913148,4,0,88.9820798291127,46
456,592.4794776591316,144.4820798291127,93.40947765913148,3,2,93.40947765913148,46
457,2092.4794776591316,1649.4794776591316,1093.4094776591314,2,2,1093.4094776591314,46
458,2092.4794776591316,2150.4794776591316,1093.4094776591314,1,2,1093.4094776591314,46
459,2092.4794776591316,2150.9794776591316,1093.4094776591314,0,2,1093.4094776591314,46
460,33.409477659131475,33.909477659131475,92.47947765913148,9,0,33.409477659131475,47
461,37.74064649029992,36.409477659131475,92.47947765913148,8,1,36.409477659131475,47
462,46.66455953377621,46.24064649029992,92.47947765913148,7,1,46.24064649029992,47
463,63.64247485819522,63.16455953377621,92.47947765913148,6,1,63.16455953377621,47
464,78.80253549427192,107.14247485819521,92.47947765913148,5,0,78.80253549427192,47
465,88.05239179834822,132.30253549427192,92.47947765913148,4,0,88.05239179834822,47
466,591.5494776591315,143.55239179834822,92.47947765913148,3,2,92.47947765913148,47
467,2091.5494776591313,1648.5494776591313,1092.4794776591316,2,2,1092.4794776591316,47
468,2091.5494776591313,2149.5494776591313,1092.4794776591316,1,2,1092.4794776591316,47
469,2091.5494776591313,2150.0494776591313,1092.4794776591316,0,2,1092.4794776591316,47
470,32.479477659131476,32.979477659131476,91.54947765913147,9,0,32.479477659131476,48
471,36.81064649029864,35.479477659131476,91.54947765913147,8,1,35.479477659131476,48
472,45.734559533768326,45.31064649029864,91.54947765913147,7,1,45.31064649029864,48
473,62.713022623882054,62.234559533768326,91.54947765913147,6,1,62.234559533768326,48
474,77.87806313851162,106.21302262388205,91.54947765913147,5,0,77.87806313851162,48
475,87.12278669611469,131.3780631385116,91.54947765913147,4,0,87.12278669611469,48
476,590.6194776591315,142.6227866961147,91.54947765913147,3,2,91.54947765913147,48
477,2090.6194776591315,1647.6194776591315,1091.5494776591315,2,2,1091.5494776591315,48
478,2090.6194776591315,2148.6194776591315,1091.5494776591315,1,2,1091.5494776591315,48
479,2090.6194776591315,2149.1194776591315,1091.5494776591315,0,2,1091.5494776591315,48
480,31.549477659131476,32.049477659131476,90.61947765913148,9,0,31.549477659131476,49
481,35.880646490293046,34.549477659131476,90.61947765913148,8,1,34.549477659131476,49
482,44.80455953373401,44.380646490293046,90.61947765913148,7,1,44.380646490293046,49
483,61.783624924846066,61.30455953373401,90.61947765913148,6,1,61.30455953373401,49
484,76.95414942426788,105.28362492484607,90.61947765913148,5,0,76.95414942426788,49
485,86.19328656670515,130.45414942426788,90.61947765913148,4,0,86.19328656670515,49
486,589.6894776591314,141.69328656670515,90.61947765913148,3,2,90.61947765913148,49
487,2089.6894776591316,1646.6894776591316,1090.6194776591315,2,2,1090.6194776591315,49
488,2089.6894776591316,2147.6894776591316,1090.6194776591315,1,2,1090.6194776591315,49
489,2089.6894776591316,2148.1894776591316,1090.6194776591315,0,2,1090.6194776591315,49
490,30.619477659131476,31.119477659131476,89.68947765913148,9,0,30.619477659131476,50
491,34.95064649026872,33.619477659131476,89.68947765913148,8,1,33.619477659131476,50
492,43.87455953358479,43.45064649026872,89.68947765913148,7,1,43.45064649026872,50
493,60.85428613823682,60.37455953358479,89.68947765913148,6,1,60.37455953358479,50
494,76.03084165871009,104.35428613823683,89.68947765913148,5,0,76.03084165871009,50
495,85.26391931428803,129.53084165871007,89.68947765913148,4,0,85.26391931428803,50
496,588.7594776591316,140.76391931428805,89.68947765913148,3,2,89.68947765913148,50
497,2088.7594776591313,1645.7594776591313,1089.6894776591314,2,2,1089.6894776591314,50
498,2088.7594776591313,2146.7594776591313,1089.6894776591314,1,2,1089.6894776591314,50
499,2088.7594776591313,2147.2594776591313,1089.6894776591314,0,2,1089.6894776591314,50
500,29.689477659131477,30.189477659131477,88.75947765913148,9,0,29.689477659131477,51
501,34.02064649016294,32.68947765913148,88.75947765913148,8,1,32.68947765913148,51
502,42.944559532936005,42.52064649016294,88.75947765913148,7,1,42.52064649016294,51
503,59.925010679310326,59.444559532936005,88.75947765913148,6,1,59.444559532936005,51
504,75.10818848072282,103.42501067931033,88.75947765913148,5,0,75.10818848072282,51
505,84.33472026059547,128.60818848072282,88.75947765913148,4,0,84.33472026059547,51
506,587.8294776591315,139.83472026059547,88.75947765913148,3,2,88.75947765913148,51
507,2087.8294776591315,1644.8294776591315,1088.7594776591316,2,2,1088.7594776591316,51
508,2087.8294776591315,2145.8294776591315,1088.7594776591316,1,2,1088.7594776591316,51
509,2087.8294776591315,2146.3294776591315,1088.7594776591316,0,2,1088.7594776591316,51
510,28.75947765913148,29.25947765913148,87.82947765913148,9,0,28.75947765913148,52
511,33.090646489703026,31.75947765913148,87.82947765913148,8,1,31.75947765913148,52
512,42.01455953011522,41.590646489703026,87.82947765913148,7,1,41.590646489703026,52
513,58.995802883017845,58.51455953011522,87.82947765913148,6,1,58.51455953011522,52
514,74.18623896561637,102.49580288301784,87.82947765913148,5,0,74.18623896561637,52
515,83.40573411668085,127.68623896561637,87.82947765913148,4,0,83.40573411668085,52
516,586.8994776591314,138.90573411668083,87.82947765913148,3,2,87.82947765913148,52
517,2086.8994776591317,1643.8994776591317,1087.8294776591315,2,2,1087.8294776591315,52
518,2086.8994776591317,2144.8994776591317,1087.8294776591315,1,2,1087.8294776591315,52
519,2086.8994776591317,2145.3994776591317,1087.8294776591315,0,2,1087.8294776591315,52
520,27.82947765913148,28.32947765913148,86.89947765913148,9,0,27.82947765913148,53
521,32.16064648770342,30.82947765913148,86.89947765913148,8,1,30.82947765913148,53
522,41.084559517850934,40.66064648770342,86.89947765913148,7,1,40.66064648770342,53
523,58.06666682814597,57.584559517850934,86.89947765913148,6,1,57.584559517850934,53
524,73.26504135303882,101.56666682814597,86.89947765913148,5,0,73.26504135303882,53
525,82.47701747881422,126.76504135303882,86.89947765913148,4,0,82.47701747881422,53
526,585.9694776591314,137.97701747881422,86.89947765913148,3,2,86.89947765913148,53
527,2085.9694776591314,1642.9694776591314,1086.8994776591314,2,2,1086.8994776591314,53
528,2085.9694776591314,2143.9694776591314,1086.8994776591314,1,2,1086.8994776591314,53
529,2085.9694776591314,2144.4694776591314,1086.8994776591314,0,2,1086.8994776591314,53
530,26.89947765913148,27.39947765913148,85.96947765913148,9,0,26.89947765913148,54
531,31.230646479009444,29.89947765913148,85.96947765913148,8,1,29.89947765913148,54
532,40.15455946452805,39.730646479009444,85.96947765913148,7,1,39.730646479009444,54
533,57.13760604671504,56.65455946452805,85.96947765913148,6,1,56.65455946452805,54
534,72.34464128250494,100.63760604671504,85.96947765913148,5,0,72.34464128250494,54
535,81.54864198784381,125.84464128250494,85.96947765913148,4,0,81.54864198784381,54
536,585.0394776591315,137.0486419878438,85.96947765913148,3,2,85.96947765913148,54
537,2085.0394776591315,1642.0394776591315,1085.9694776591314,2,2,1085.9694776591314,54
538,2085.0394776591315,2143.0394776591315,1085.9694776591314,1,2,1085.9694776591314,54
539,2085.0394776591315,2143.5394776591315,1085.9694776591314,0,2,1085.9694776591314,54
540,25.969477659131485,26.469477659131485,85.03947765913148,9,0,25.969477659131485,55
541,30.30064644120956,28.969477659131485,85.03947765913148,8,1,28.969477659131485,55
542,39.22455923269058,38.800646441209565,85.03947765913148,7,1,38.800646441209565,55
543,56.20862291043275,55.72455923269058,85.03947765913148,6,1,55.72455923269058,55
544,71.42507938851797,99.70862291043275,85.03947765913148,5,0,71.42507938851797,55
545,80.62069832838759,124.92507938851797,85.03947765913148,4,0,80.62069832838759,55
546,584.1094776591315,136.1206983283876,85.03947765913148,3,2,85.03947765913148,55
547,2084.1094776591317,1641.1094776591317,1085.0394776591315,2,2,1085.0394776591315,55
548,2084.1094776591317,2142.1094776591317,1085.0394776591315,1,2,1085.0394776591315,55
549,2084.1094776591317,2142.6094776591317,1085.0394776591315,0,2,1085.0394776591315,55
550,25.039477659131485,25.539477659131485,84.10947765913149,9,0,25.039477659131485,56
551,29.37064627686224,28.039477659131485,84.10947765913149,8,1,28.039477659131485,56
552,38.29455822471644,37.87064627686224,84.10947765913149,7,1,37.87064627686224,56
553,55.27971684138404,54.79455822471644,84.10947765913149,6,1,54.79455822471644,56
554,70.50638806600872,98.77971684138404,84.10947765913149,5,0,70.50638806600872,56
555,79.69330129110124,124.00638806600872,84.10947765913149,4,0,79.69330129110124,56
556,583.1794776591314,135.19330129110125,84.10947765913149,3,2,84.10947765913149,56
557,2083.1794776591314,1640.1794776591314,1084.1094776591315,2,2,1084.1094776591315,56
558,2083.1794776591314,2141.1794776591314,1084.1094776591315,1,2,1084.1094776591315,56
559,2083.1794776591314,2141.6794776591314,1084.1094776591315,0,2,1084.1094776591315,56
560,24.109477659131485,24.609477659131485,83.17947765913149,9,0,24.109477659131485,57
561,28.440645562308667,27.109477659131485,83.17947765913149,8,1,27.109477659131485,57
562,37.364553842405805,36.94064556230867,83.17947765913149,7,1,36.94064556230867,57
563,54.350877707163704,53.864553842405805,83.17947765913149,6,1,53.864553842405805,57
564,69.58858716438611,97.8508777071637,83.17947765913149,5,0,69.58858716438611,57
565,78.76659618061218,123.08858716438611,83.17947765913149,4,0,78.76659618061218,57
566,582.2494776591316,134.26659618061217,83.17947765913149,3,2,83.17947765913149,57
567,2082.2494776591316,1639.2494776591316,1083.1794776591314,2,2,1083.1794776591314,57
568,2082.2494776591316,2140.2494776591316,1083.1794776591314,1,2,1083.1794776591314,57
569,2082.2494776591316,2140.7494776591316,1083.1794776591314,0,2,1083.1794776591314,57
570,23.179477659131486,23.679477659131486,82.24947765913149,9,0,23.179477659131486,58
571,27.510642455554006,26.179477659131486,82.24947765913149,8,1,26.179477659131486,58
572,36.434534791201514,36.010642455554006,82.24947765913149,7,1,36.010642455554006,58
573,53.422058676546506,52.934534791201514,82.24947765913149,6,1,52.934534791201514,58
574,68.6716783018925,96.9220586765465,82.24947765913149,5,0,68.6716783018925,58
575,77.84076692682856,122.1716783018925,82.24947765913149,4,0,77.84076692682856,58
576,581.3194776591315,133.34076692682856,82.24947765913149,3,2,82.24947765913149,58
577,2081.3194776591317,1638.3194776591317,1082.2494776591316,2,2,1082.2494776591316,58
578,2081.3194776591317,2139.3194776591317,1082.2494776591316,1,2,1082.2494776591316,58
579,2081.3194776591317,2139.8194776591317,1082.2494776591316,0,2,1082.2494776591316,58
580,22.249477659131486,22.749477659131486,81.31947765913148,9,0,22.249477659131486,59
581,26.58062894792506,25.249477659131486,81.31947765913148,8,1,25.249477659131486,59
582,35.50445198888071,35.080628947925064,81.31947765913148,7,1,35.080628947925064,59
583,52.493060479642196,52.00445198888071,81.31947765913148,6,1,52.00445198888071,59
584,67.75563740738956,95.9930604796422,81.31947765913148,5,0,67.75563740738956,59
585,76.91604635241892,121.25563740738956,81.31947765913148,4,0,76.91604635241892,59
586,580.3894776591314,132.4160463524189,81.31947765913148,3,2,81.31947765913148,59
587,2080.3894776591314,1637.3894776591314,1081.3194776591315,2,2,1081.3194776591315,59
588,2080.3894776591314,2138.3894776591314,1081.3194776591315,1,2,1081.3194776591315,59
589,2080.3894776591314,2138.8894776591314,1081.3194776591315,0,2,1081.3194776591315,59
590,21.319477659131486,21.819477659131486,80.38947765913149,9,0,21.319477659131486,60
591,25.65057021910354,24.319477659131486,80.38947765913149,8,1,24.319477659131486,60
592,34.574092341318085,34.15057021910354,80.38947765913149,7,1,34.15057021910354,60
593,51.56303381557118,51.074092341318085,80.38947765913149,6,1,51.074092341318085,60
594,66.84040498936375,95.06303381557117,80.38947765913149,5,0,66.84040498936375,60
595,75.99272916962191,120.34040498936375,80.38947765913149,4,0,75.99272916962191,60
596,579.4594776591316,131.4927291696219,80.38947765913149,3,2,80.38947765913149,60
597,2079.4594776591316,1636.4594776591316,1080.3894776591314,2,2,1080.3894776591314,60
598,2079.4594776591316,2137.4594776591316,1080.3894776591314,1,2,1080.3894776591314,60
599,2079.4594776591316,2137.9594776591316,1080.3894776591314,0,2,1080.3894776591314,60
600,20.389477659131487,20.889477659131487,79.4594776591315,9,0,20.389477659131487,61
601,24.72031487640127,23.389477659131487,79.4594776591315,8,1,23.389477659131487,61
602,33.642533187861375,33.220314876401275,79.4594776591315,7,1,33.220314876401275,61
603,50.62835630932324,50.142533187861375,79.4594776591315,6,1,50.142533187861375,61
604,65.92587349574815,94.12835630932324,79.4594776591315,5,0,65.92587349574815,61
605,75.07118843190418,119.42587349574815,79.4594776591315,4,0,75.07118843190418,61
606,578.5294776591315,130.57118843190418,79.4594776591315,3,2,79.4594776591315,61
607,2078.5294776591318,1635.5294776591318,1079.4594776591316,2,2,1079.4594776591316,61
608,2078.5294776591318,2136.5294776591318,1079.4594776591316,1,2,1079.4594776591316,61
609,2078.5294776591318,2137.0294776591318,1079.4594776591316,0,2,1079.4594776591316,61
610,19.459477659131487,19.959477659131487,78.52947765913149,9,0,19.459477659131487,62
611,23.78920469073925,22.459477659131487,78.52947765913149,8,1,22.459477659131487,62
612,32.70581090476578,32.289204690739254,78.52947765913149,7,1,32.289204690739254,62
613,49.673867989319525,49.20581090476578,78.52947765913149,6,1,49.20581090476578,62
614,65.01187095540419,93.17386798931952,78.52947765913149,5,0,65.01187095540419,62
615,74.15189635884374,118.51187095540419,78.52947765913149,4,0,74.15189635884374,62
616,577.5994776591315,129.65189635884374,78.52947765913149,3,2,78.52947765913149,62
617,2077.5994776591315,1634.5994776591315,1078.5294776591315,2,2,1078.5294776591315,62
618,2077.5994776591315,2135.5994776591315,1078.5294776591315,1,2,1078.5294776591315,62
619,2077.5994776591315,2136.0994776591315,1078.5294776591315,0,2,1078.5294776591315,62
620,18.529477659131487,19.029477659131487,77.59947765913148,9,0,18.529477659131487,63
621,22.854377796556534,21.529477659131487,77.59947765913148,8,1,21.529477659131487,63
622,31.747291649172006,31.354377796556534,77.59947765913148,7,1,31.354377796556534,63
623,48.64054046011941,48.247291649172006,77.59947765913148,6,1,48.247291649172006,63
624,64.09813987303333,92.14054046011941,77.59947765913148,5,0,64.09813987303333,63
625,73.23545069674194,117.59813987303333,77.59947765913148,4,0,73.23545069674194,63
626,576.6694776591315,128.73545069674194,77.59947765913148,3,2,77.59947765913148,63
627,2076.6694776591316,1633.6694776591314,1077.5994776591315,2,2,1077.5994776591315,63
628,2076.6694776591316,2134.6694776591316,1077.5994776591315,1,2,1077.5994776591315,63
629,2076.6694776591316,2135.1694776591316,1077.5994776591315,0,2,1077.5994776591315,63
630,17.599477659131487,18.099477659131487,76.66947765913149,9,0,17.599477659131487,64
631,21.903391300109945,20.599477659131487,76.66947765913149,8,1,20.599477659131487,64
632,30.702145663385647,30.403391300109945,76.66947765913149,7,1,30.403391300109945,64
633,47.35704029782126,47.20214566338565,76.66947765913149,6,1,47.20214566338565,64
634,63.18431007153853,90.85704029782126,76.66947765913149,5,0,63.18431007153853,64
635,72.32260808648648,116.68431007153853,76.66947765913149,4,0,72.32260808648648,64
636,575.7394776591315,127.82260808648648,76.66947765913149,3,2,76.66947765913149,64
637,2075.7394776591314,1632.7394776591316,1076.6694776591316,2,2,1076.6694776591316,64
638,2075.7394776591314,2133.7394776591314,1076.6694776591316,1,2,1076.6694776591316,64
639,2075.7394776591314,2134.2394776591314,1076.6694776591316,0,2,1076.6694776591316,64
640,16.669477659131488,17.169477659131488,75.7394776591315,9,0,16.669477659131488,65
641,20.883691300109945,19.669477659131488,75.7394776591315,8,1,19.669477659131488,65
642,29.382145663385646,29.383691300109945,75.7394776591315,7,0,29.382145663385646,65
643,46.07342075893331,45.88214566338564,75.7394776591315,6,1,45.88214566338564,65
644,62.26986382378137,89.57342075893331,75.7394776591315,5,0,62.26986382378137,65
645,71.414326301353,115.76986382378138,75.7394776591315,4,0,71.414326301353,65
646,574.8094776591315,126.914326301353,75.7394776591315,3,2,75.7394776591315,65
647,2074.8094776591315,1631.8094776591315,1075.7394776591314,2,2,1075.7394776591314,65
648,2074.8094776591315,2132.8094776591315,1075.7394776591314,1,2,1075.7394776591314,65
649,2074.8094776591315,2133.3094776591315,1075.7394776591314,0,2,1075.7394776591314,65
650,15.739477659131488,16.239477659131488,74.80947765913149,9,0,15.739477659131488,66
651,19.863991300109944,18.739477659131488,74.80947765913149,8,1,18.739477659131488,66
652,28.062145663385643,28.363991300109944,74.80947765913149,7,0,28.062145663385643,66
653,44.789595500955116,44.56214566338564,74.80947765913149,6,1,44.56214566338564,66
654,61.354091169470806,88.28959550095512,74.80947765913149,5,0,61.354091169470806,66
655,70.51181771257643,114.8540911694708,74.80947765913149,4,0,70.51181771257643,66
656,573.8794776591315,126.01181771257643,74.80947765913149,3,2,74.80947765913149,66
657,2073.879477659131,1630.8794776591312,1074.8094776591315,2,2,1074.8094776591315,66
658,2073.879477659131,2131.879477659131,1074.8094776591315,1,2,1074.8094776591315,66
659,2073.879477659131,2132.379477659131,1074.8094776591315,0,2,1074.8094776591315,66
660,14.809477659131488,15.309477659131488,73.87947765913148,9,0,14.809477659131488,67
661,18.844291300109944,17.80947765913149,73.87947765913148,8,1,17.80947765913149,67
662,26.742145663385642,27.344291300109944,73.87947765913148,7,0,26.742145663385642,67
663,43.505449161862025,43.24214566338564,73.87947765913148,6,1,43.24214566338564,67
664,60.43603274749093,87.00544916186203,73.87947765913148,5,0,60.43603274749093,67
665,69.61661696728964,113.93603274749093,73.87947765913148,4,0,69.61661696728964,67
666,572.9494776591314,125.11661696728964,73.87947765913148,3,2,73.87947765913148,67
667,2072.9494776591314,1629.9494776591314,1073.8794776591315,2,2,1073.8794776591315,67
668,2072.9494776591314,2130.9494776591314,1073.8794776591315,1,2,1073.8794776591315,67
669,2072.9494776591314,2131.4494776591314,1073.8794776591315,0,2,1073.8794776591315,67
670,13.879477659131489,14.379477659131489,72.94947765913149,9,0,13.879477659131489,68
671,17.824591300109944,16.87947765913149,72.94947765913149,8,1,16.87947765913149,68
672,25.422145663385642,26.324591300109944,72.94947765913149,7,0,25.422145663385642,68
673,42.22082897186324,41.92214566338564,72.94947765913149,6,1,41.92214566338564,68
674,59.514406757567684,85.72082897186324,72.94947765913149,5,0,59.514406757567684,68
675,68.73066665680004,113.01440675756768,72.94947765913149,4,0,68.73066665680004,68
676,572.0194776591316,124.23066665680004,72.94947765913149,3,2,72.94947765913149,68
677,2072.0194776591316,1629.0194776591316,1072.9494776591314,2,2,1072.9494776591314,68
678,2072.0194776591316,2130.0194776591316,1072.9494776591314,1,2,1072.9494776591314,68
679,2072.0194776591316,2130.5194776591316,1072.9494776591314,0,2,1072.9494776591314,68
680,12.949477659131489,13.449477659131489,72.0194776591315,9,0,12.949477659131489,69
681,16.804891300109944,15.949477659131489,72.0194776591315,8,1,15.949477659131489,69
682,24.10214566338564,25.304891300109944,72.0194776591315,7,0,24.10214566338564,69
683,40.935534060464,40.60214566338564,72.0194776591315,6,1,40.60214566338564,69
684,58.587515757581194,84.435534060464,72.0194776591315,5,0,58.587515757581194,69
685,67.8564257574461,112.0875157575812,72.0194776591315,4,0,67.8564257574461,69
686,571.0894776591315,123.3564257574461,72.0194776591315,3,2,72.0194776591315,69
687,2071.0894776591313,1628.0894776591313,1072.0194776591316,2,2,1072.0194776591316,69
688,2071.0894776591313,2129.0894776591313,1072.0194776591316,1,2,1072.0194776591316,69
689,2071.0894776591313,2129.5894776591313,1072.0194776591316,0,2,1072.0194776591316,69
690,12.01947765913149,12.51947765913149,71.08947765913149,9,0,12.01947765913149,70
691,15.785191300109947,15.01947765913149,71.08947765913149,8,1,15.01947765913149,70
692,22.782145663385638,24.285191300109947,71.08947765913149,7,0,22.782145663385638,70
693,39.64930183786778,39.282145663385634,71.08947765913149,6,1,39.282145663385634,70
694,57.65312785314528,83.14930183786778,71.08947765913149,5,0,57.65312785314528,70
695,66.99700689750442,111.15312785314528,71.08947765913149,4,0,66.99700689750442,70
696,570.1594776591314,122.49700689750442,71.08947765913149,3,2,71.08947765913149,70
697,2070.1594776591314,1627.1594776591314,1071.0894776591315,2,2,1071.0894776591315,70
698,2070.1594776591314,2128.1594776591314,1071.0894776591315,1,2,1071.0894776591315,70
699,2070.1594776591314,2128.6594776591314,1071.0894776591315,0,2,1071.0894776591315,70
700,11.089477659131491,11.589477659131491,70.1594776591315,9,0,11.089477659131491,71
701,14.765491300109945,14.089477659131491,70.1594776591315,8,1,14.089477659131491,71
702,21.462145663385638,23.265491300109943,70.1594776591315,7,0,21.462145663385638,71
703,38.361790663763145,37.96214566338564,70.1594776591315,6,1,37.96214566338564,71
704,56.708325379853854,81.86179066376314,70.1594776591315,5,0,56.708325379853854,71
705,66.15635011276811,110.20832537985385,70.1594776591315,4,0,66.15635011276811,71
706,569.2294776591316,121.65635011276811,70.1594776591315,3,2,70.1594776591315,71
707,2069.2294776591316,1626.2294776591316,1070.1594776591314,2,2,1070.1594776591314,71
708,2069.2294776591316,2127.2294776591316,1070.1594776591314,1,2,1070.1594776591314,71
709,2069.2294776591316,2127.7294776591316,1070.1594776591314,0,2,1070.1594776591314,71
710,10.159477659131491,10.659477659131491,69.22947765913149,9,0,10.159477659131491,72
711,13.745791300109946,13.159477659131491,69.22947765913149,8,1,13.159477659131491,72
712,20.142145663385637,22.245791300109946,69.22947765913149,7,0,20.142145663385637,72
713,37.072557806322074,36.642145663385634,69.22947765913149,6,1,36.642145663385634,72
714,55.749312334246824,80.57255780632207,69.22947765913149,5,0,55.749312334246824,72
715,65.33944279031708,109.24931233424682,69.22947765913149,4,0,65.33944279031708,72
716,568.2994776591315,120.83944279031708,69.22947765913149,3,2,69.22947765913149,72
717,2068.2994776591313,1625.2994776591313,1069.2294776591316,2,2,1069.2294776591316,72
718,2068.2994776591313,2126.2994776591313,1069.2294776591316,1,2,1069.2294776591316,72
719,2068.2994776591313,2126.7994776591313,1069.2294776591316,0,2,1069.2294776591316,72
720,9.229477659131492,9.729477659131492,68.2994776591315,9,0,9.229477659131492,73
721,12.726091300109944,12.229477659131492,68.2994776591315,8,1,12.229477659131492,73
722,18.822145663385633,21.226091300109942,68.2994776591315,7,0,18.822145663385633,73
723,35.78103142802281,35.32214566338563,68.2994776591315,6,1,35.32214566338563,73
724,54.77116947379049,79.2810314280228,68.2994776591315,5,0,54.77116947379049,73
725,64.55259807835375,108.2711694737905,68.2994776591315,4,0,64.55259807835375,73
726,567.3694776591315,120.05259807835375,68.2994776591315,3,2,68.2994776591315,73
727,2067.3694776591315,1624.3694776591315,1068.2994776591315,2,2,1068.2994776591315,73
728,2067.3694776591315,2125.3694776591315,1068.2994776591315,1,2,1068.2994776591315,73
729,2067.3694776591315,2125.8694776591315,1068.2994776591315,0,2,1068.2994776591315,73
730,8.299477659131492,8.799477659131492,67.36947765913149,9,0,8.299477659131492,74
731,11.706391300109946,11.299477659131492,67.36947765913149,8,1,11.299477659131492,74
732,17.502145663385633,20.206391300109946,67.36947765913149,7,0,17.502145663385633,74
733,34.48647499780525,34.00214566338563,67.36947765913149,6,1,34.00214566338563,74
734,53.76754304824314,77.98647499780526,67.36947765913149,5,0,53.76754304824314,74
735,63.80380730371663,107.26754304824314,67.36947765913149,4,0,63.80380730371663,74
736,566.4394776591315,119.30380730371664,67.36947765913149,3,2,67.36947765913149,74
737,2066.4394776591316,1623.4394776591316,1067.3694776591315,2,2,1067.3694776591315,74
738,2066.4394776591316,2124.4394776591316,1067.3694776591315,1,2,1067.3694776591315,74
739,2066.4394776591316,2124.9394776591316,1067.3694776591315,0,2,1067.3694776591315,74
740,7.369477659131492,7.869477659131492,66.4394776591315,9,0,7.369477659131492,75
741,10.686691300109946,10.369477659131492,66.4394776591315,8,1,10.369477659131492,75
742,16.182145663385633,19.186691300109946,66.4394776591315,7,0,16.182145663385633,75
743,33.18794210220974,32.68214566338563,66.4394776591315,6,1,32.68214566338563,75
744,52.730249379159176,76.68794210220975,66.4394776591315,5,0,52.730249379159176,75
745,63.10318606999875,106.23024937915918,66.4394776591315,4,0,63.10318606999875,75
746,565.5094776591314,118.60318606999874,66.4394776591315,3,2,66.4394776591315,75
747,2065.5094776591313,1622.5094776591313,1066.4394776591316,2,2,1066.4394776591316,75
748,2065.5094776591313,2123.5094776591313,1066.4394776591316,1,2,1066.4394776591316,75
749,2065.5094776591313,2124.0094776591313,1066.4394776591316,0,2,1066.4394776591316,75
750,6.439477659131493,6.939477659131493,65.50947765913149,9,0,6.439477659131493,76
751,9.666991300109945,9.439477659131493,65.50947765913149,8,1,9.439477659131493,76
752,14.862145663385633,18.166991300109945,65.50947765913149,7,0,14.862145663385633,76
753,31.884395330063626,31.362145663385633,65.50947765913149,6,1,31.362145663385633,76
754,51.64877276143127,75.38439533006363,65.50947765913149,5,0,51.64877276143127,76
755,62.46353893871029,105.14877276143127,65.50947765913149,4,0,62.46353893871029,76
756,564.6457783696972,117.96353893871029,65.50947765913149,3,2,65.50947765913149,76
757,2064.645778369697,1621.645778369697,1065.5094776591313,2,2,1065.5094776591313,76
758,2064.645778369697,2122.645778369697,1065.5094776591313,1,2,1065.5094776591313,76
759,2064.645778369697,2123.145778369697,1065.5094776591313,0,2,1065.5094776591313,76
760,5.509477659131493,6.009477659131493,64.64577836969718,9,0,5.509477659131493,77
761,8.533660437130738,8.509477659131493,64.64577836969718,8,1,8.509477659131493,77
762,13.542145663385632,17.033660437130738,64.64577836969718,7,0,13.542145663385632,77
763,30.574730132951583,30.042145663385632,64.64577836969718,6,1,30.042145663385632,77
764,50.5115864042522,74.07473013295159,64.64577836969718,5,0,50.5115864042522,77
765,61.88344997604289,104.0115864042522,64.64577836969718,4,0,61.88344997604289,77
766,563.8597435468206,117.3834499760429,64.64577836969718,3,2,64.64577836969718,77
767,2063.8597435468205,1620.8597435468207,1064.6457783696972,2,2,1064.6457783696972,77
768,2063.8597435468205,2121.8597435468205,1064.6457783696972,1,2,1064.6457783696972,77
769,2063.8597435468205,2122.3597435468205,1064.6457783696972,0,2,1064.6457783696972,77
770,4.645778369697188,5.145778369697188,63.859743546820624,9,0,4.645778369697188,78
771,7.431905109807849,7.645778369697188,63.859743546820624,8,0,7.431905109807849,78
772,12.22214566338563,15.931905109807849,63.859743546820624,7,0,12.22214566338563,78
773,29.25778609591192,28.722145663385632,63.859743546820624,6,1,28.722145663385632,78
774,49.30641754745173,72.75778609591192,63.859743546820624,5,0,49.30641754745173,78
775,61.3581061154564,102.80641754745173,63.859743546820624,4,0,61.3581061154564,78
776,563.1536063182676,116.8581061154564,63.859743546820624,3,2,63.859743546820624,78
777,2063.1536063182675,1620.1536063182675,1063.8597435468205,2,2,1063.8597435468205,78
778,2063.1536063182675,2121.1536063182675,1063.8597435468205,1,2,1063.8597435468205,78
779,2063.1536063182675,2121.6536063182675,1063.8597435468205,0,2,1063.8597435468205,78
780,3.859743546820624,4.359743546820624,63.15360631826768,9,0,3.859743546820624,79
781,6.395339749648251,6.859743546820624,63.15360631826768,8,0,6.395339749648251,79
782,10.90214566338563,14.895339749648251,63.15360631826768,7,0,10.90214566338563,79
783,27.51305064441135,27.40214566338563,63.15360631826768,6,1,27.40214566338563,79
784,48.020372691455485,71.01305064441135,63.15360631826768,5,0,48.020372691455485,79
785,60.880821251417956,101.52037269145549,63.15360631826768,4,0,60.880821251417956,79
786,562.5284522616666,116.38082125141796,63.15360631826768,3,2,63.15360631826768,79
787,2062.5284522616666,1619.5284522616666,1063.1536063182675,2,2,1063.1536063182675,79
788,2062.5284522616666,2120.5284522616666,1063.1536063182675,1,2,1063.1536063182675,79
789,2062.5284522616666,2121.0284522616666,1063.1536063182675,0,2,1063.1536063182675,79
790,3.153606318267678,3.653606318267678,62.52845226166668,9,0,3.153606318267678,80
791,5.4314683458578275,6.153606318267678,62.52845226166668,8,0,5.4314683458578275,80
792,9.62221357972923,13.931468345857827,62.52845226166668,7,0,9.62221357972923,80
793,25.621364625434225,26.12221357972923,62.52845226166668,6,0,25.621364625434225,80
794,46.64009816962452,69.12136462543423,62.52845226166668,5,0,46.64009816962452,80
795,60.44284338793412,100.14009816962452,62.52845226166668,4,0,60.44284338793412,80
796,561.9840943062267,115.94284338793412,62.52845226166668,3,2,62.52845226166668,80
797,2061.984094306227,1618.9840943062266,1062.5284522616666,2,2,1062.5284522616666,80
798,2061.984094306227,2119.984094306227,1062.5284522616666,1,2,1062.5284522616666,80
799,2061.984094306227,2120.484094306227,1062.5284522616666,0,2,1062.5284522616666,80
800,2.528452261666677,3.028452261666677,61.984094306226616,9,0,2.528452261666677,81
801,4.545078250702165,5.528452261666677,61.984094306226616,8,0,4.545078250702165,81
802,8.398948229639828,13.045078250702165,61.984094306226616,7,0,8.398948229639828,81
803,23.68976510575736,24.898948229639828,61.984094306226616,6,0,23.68976510575736,81
804,45.15198199105586,67.18976510575736,61.984094306226616,5,0,45.15198199105586,81
805,60.03314377674244,98.65198199105586,61.984094306226616,4,0,60.03314377674244,81
806,561.5189790929498,115.53314377674243,61.984094306226616,3,2,61.984094306226616,81
807,2061.51897909295,1618.5189790929498,1061.9840943062268,2,2,1061.9840943062268,81
808,2061.51897909295,2119.51897909295,1061.9840943062268,1,2,1061.9840943062268,81
809,2061.51897909295,2120.01897909295,1061.9840943062268,0,2,1061.9840943062268,81
810,1.9840943062266185,2.4840943062266185,61.51897909294985,9,0,1.9840943062266185,82
811,3.7400877108719683,4.984094306226618,61.51897909294985,8,0,3.7400877108719683,82
812,7.240046579698907,12.240087710871968,61.51897909294985,7,0,7.240046579698907,82
813,21.7263172039604,23.740046579698905,61.51897909294985,6,0,21.7263172039604,82
814,43.54240500170441,65.2263172039604,61.51897909294985,5,0,43.54240500170441,82
815,59.63817489521895,97.04240500170441,61.51897909294985,4,0,59.63817489521895,82
816,561.1301362756824,115.13817489521895,61.51897909294985,3,2,61.51897909294985,82
817,2061.130136275682,1618.1301362756822,1061.5189790929498,2,2,1061.5189790929498,82
818,2061.130136275682,2119.130136275682,1061.5189790929498,1,2,1061.5189790929498,82
819,2061.130136275682,2119.630136275682,1061.5189790929498,0,2,1061.5189790929498,82
820,1.5189790929498463,2.0189790929498463,61.13013627568239,9,0,1.5189790929498463,83
821,3.0193507486813695,4.518979092949847,61.13013627568239,8,0,3.0193507486813695,83
822,6.15298971472745,11.519350748681369,61.13013627568239,7,0,6.15298971472745,83
823,19.741200526870667,22.65298971472745,61.13013627568239,6,0,19.741200526870667,83
824,41.79805249453434,63.24120052687067,61.13013627568239,5,0,41.79805249453434,83
825,59.241577566235,95.29805249453435,61.13013627568239,4,0,59.241577566235,83
826,560.8131828603763,114.74157756623501,61.13013627568239,3,2,61.13013627568239,83
827,2060.8131828603764,1617.8131828603764,1061.1301362756824,2,2,1061.1301362756824,83
828,2060.8131828603764,2118.8131828603764,1061.1301362756824,1,2,1061.1301362756824,83
829,2060.8131828603764,2119.3131828603764,1061.1301362756824,0,2,1061.1301362756824,83
830,1.1301362756823914,1.6301362756823914,60.81318286037628,9,0,1.1301362756823914,84
831,2.3844679442870853,4.130136275682391,60.81318286037628,8,0,2.3844679442870853,84
832,5.144827963392668,10.884467944287085,60.81318286037628,7,0,5.144827963392668,84
833,17.746849855077443,21.644827963392668,60.81318286037628,6,0,17.746849855077443,84
834,39.90630176389104,61.24684985507744,60.81318286037628,5,0,39.90630176389104,84
835,58.82380907032403,93.40630176389104,60.81318286037628,4,0,58.82380907032403,84
836,560.5623944713037,114.32380907032403,60.81318286037628,3,2,60.81318286037628,84
837,2060.562394471304,1617.5623944713036,1060.8131828603764,2,2,1060.8131828603764,84
838,2060.562394471304,2118.562394471304,1060.8131828603764,1,2,1060.8131828603764,84
839,2060.562394471304,2119.062394471304,1060.8131828603764,0,2,1060.8131828603764,84
840,0.8131828603762821,1.313182860376282,60.56239447130367,9,0,0.8131828603762821,85
841,1.8356132323314733,3.813182860376282,60.56239447130367,8,0,1.8356132323314733,85
842,4.22193806692109,10.335613232331474,60.56239447130367,7,0,4.22193806692109,85
843,15.758061772815816,20.72193806692109,60.56239447130367,6,0,15.758061772815816,85
844,37.85570713127833,59.258061772815815,60.56239447130367,5,0,37.85570713127833,85
845,58.36165345740539,91.35570713127834,60.56239447130367,4,0,58.36165345740539,85
846,560.3708539756003,113.8616534574054,60.56239447130367,3,2,60.56239447130367,85
847,2060.3708539756003,1617.3708539756003,1060.5623944713038,2,2,1060.5623944713038,85
848,2060.3708539756003,2118.3708539756003,1060.5623944713038,1,2,1060.5623944713038,85
849,2060.3708539756003,2118.8708539756003,1060.5623944713038,0,2,1060.5623944713038,85
850,0.5623944713036668,1.0623944713036668,60.37085397560023,9,0,0.5623944713036668,86
851,1.371389274763716,3.5623944713036666,60.37085397560023,8,0,1.371389274763716,86
852,3.3897543076670087,9.871389274763716,60.37085397560023,7,0,3.3897543076670087,86
853,13.792051298343024,19.88975430766701,60.37085397560023,6,0,13.792051298343024,86
854,35.63661212581849,57.292051298343026,60.37085397560023,5,0,35.63661212581849,86
855,57.82756218041689,89.13661212581849,60.37085397560023,4,0,57.82756218041689,86
856,560.2306846705408,113.32756218041689,60.37085397560023,3,2,60.37085397560023,86
857,2060.2306846705405,1617.2306846705405,1060.3708539756003,2,2,1060.3708539756003,86
858,2060.2306846705405,2118.2306846705405,1060.3708539756003,1,2,1060.3708539756003,86
859,2060.2306846705405,2118.7306846705405,1060.3708539756003,0,2,1060.3708539756003,86
860,0.3708539756002274,0.8708539756002274,60.2306846705408,9,0,0.3708539756002274,87
861,0.988726542385516,3.3708539756002276,60.2306846705408,8,0,0.988726542385516,87
862,2.6524775527255158,9.488726542385516,60.2306846705408,7,0,2.6524775527255158,87
863,11.868436989494175,19.152477552725514,60.2306846705408,6,0,11.868436989494175,87
864,33.24192931003695,55.36843698949417,60.2306846705408,5,0,33.24192931003695,87
865,57.18875746785231,86.74192931003695,60.2306846705408,4,0,57.18875746785231,87
866,560.133369649127,112.68875746785231,60.2306846705408,3,2,60.2306846705408,87
867,2060.133369649127,1617.133369649127,1060.2306846705408,2,2,1060.2306846705408,87
868,2060.133369649127,2118.133369649127,1060.2306846705408,1,2,1060.2306846705408,87
869,2060.133369649127,2118.633369649127,1060.2306846705408,0,2,1060.2306846705408,87
870,0.2306846705408001,0.7306846705408001,60.13336964912707,9,0,0.2306846705408001,88
871,0.682843719119598,3.2306846705408,60.13336964912707,8,0,0.682843719119598,88
872,2.0127690376670677,9.182843719119598,60.13336964912707,7,0,2.0127690376670677,88
873,10.009125475897669,18.512769037667066,60.13336964912707,6,0,10.009125475897669,88
874,30.668142293636606,53.50912547589767,60.13336964912707,5,0,30.668142293636606,88
875,56.40601245764003,84.1681422936366,60.13336964912707,4,0,56.40601245764003,88
876,560.0701504125516,111.90601245764003,60.13336964912707,3,2,60.13336964912707,88
877,2060.070150412552,1617.0701504125518,1060.133369649127,2,2,1060.133369649127,88
878,2060.070150412552,2118.070150412552,1060.133369649127,1,2,1060.133369649127,88
879,2060.070150412552,2118.570150412552,1060.133369649127,0,2,1060.133369649127,88
880,0.13336964912706736,0.6333696491270674,60.070150412551534,9,0,0.13336964912706736,89
881,0.4472890730423344,3.1333696491270673,60.070150412551534,8,0,0.4472890730423344,89
882,1.4714397081608712,8.947289073042334,60.070150412551534,7,0,1.4714397081608712,89
883,8.238056326988328,17.971439708160872,60.070150412551534,6,0,8.238056326988328,89
884,27.91660242598101,51.73805632698833,60.070150412551534,5,0,27.91660242598101,89
885,55.43200110253697,81.41660242598101,60.070150412551534,4,0,55.43200110253697,89
886,560.0324858338536,110.93200110253697,60.070150412551534,3,2,60.070150412551534,89
887,2060.0324858338536,1617.0324858338536,1060.0701504125516,2,2,1060.0701504125516,89
888,2060.0324858338536,2118.0324858338536,1060.0701504125516,1,2,1060.0701504125516,89
889,2060.0324858338536,2118.5324858338536,1060.0701504125516,0,2,1060.0701504125516,89
890,0.07015041255153363,0.5701504125515336,60.03248583385356,9,0,0.07015041255153363,90
891,0.2740834337629328,3.0701504125515338,60.03248583385356,8,0,0.2740834337629328,90
892,1.0271514306298961,8.774083433762932,60.03248583385356,7,0,1.0271514306298961,90
893,6.580754899767084,17.527151430629896,60.03248583385356,6,0,6.580754899767084,90
894,24.99521520222535,50.080754899767086,60.03248583385356,5,0,24.99521520222535,90
895,54.20908743978193,78.49521520222535,60.03248583385356,4,0,54.20908743978193,90
896,560.0125371390561,109.70908743978194,60.03248583385356,3,2,60.03248583385356,90
897,2060.012537139056,1617.012537139056,1060.0324858338536,2,2,1060.0324858338536,90
898,2060.012537139056,2118.012537139056,1060.0324858338536,1,2,1060.0324858338536,90
899,2060.012537139056,2118.512537139056,1060.0324858338536,0,2,1060.0324858338536,90
900,0.032485833853562886,0.5324858338535629,60.01253713905612,9,0,0.032485833853562886,91
901,0.15398447481475885,3.032485833853563,60.01253713905612,8,0,0.15398447481475885,91
902,0.6761538615459499,8.65398447481476,60.01253713905612,7,0,0.6761538615459499,91
903,5.063623475095277,17.17615386154595,60.01253713905612,6,0,5.063623475095277,91
904,21.920639304782014,48.56362347509528,60.01253713905612,5,0,21.920639304782014,91
905,52.66639827921537,75.42063930478201,60.01253713905612,4,0,52.66639827921537,91
906,560.0036264725784,108.16639827921537,60.01253713905612,3,2,60.01253713905612,91
907,2060.0036264725786,1617.0036264725786,1060.0125371390561,2,2,1060.0125371390561,91
908,2060.0036264725786,2118.0036264725786,1060.0125371390561,1,2,1060.0125371390561,91
909,2060.0036264725786,2118.5036264725786,1060.0125371390561,0,2,1060.0125371390561,91
910,0.012537139056120002,0.51253713905612,60.0036264725784,9,0,0.012537139056120002,92
911,0.07688776743496802,3.01253713905612,60.0036264725784,8,0,0.07688776743496802,92
912,0.412090842999276,8.576887767434968,60.0036264725784,7,0,0.412090842999276,92
913,3.7128785748327,16.912090842999277,60.0036264725784,6,0,3.7128785748327,92
914,18.72115524441688,47.2128785748327,60.0036264725784,5,0,18.72115524441688,92
915,50.71599584806824,72.22115524441688,60.0036264725784,4,0,50.71599584806824,92
916,560.0005983210799,106.21599584806825,60.0036264725784,3,2,60.0036264725784,92
917,2060.00059832108,1617.00059832108,1060.0036264725784,2,2,1060.0036264725784,92
918,2060.00059832108,2118.00059832108,1060.0036264725784,1,2,1060.0036264725784,92
919,2060.00059832108,2118.50059832108,1060.0036264725784,0,2,1060.0036264725784,92
920,0.0036264725784,0.5036264725784,60.00059832108,9,0,0.0036264725784,93
921,0.032370557990400006,3.0036264725784,60.00059832108,8,0,0.032370557990400006,93
922,0.22592364253200004,8.5323705579904,60.00059832108,7,0,0.22592364253200004,93
923,2.55301364837295,16.725923642532,60.00059832108,6,0,2.55301364837295,93
924,15.44040172014795,46.05301364837295,60.00059832108,5,0,15.44040172014795,93
925,48.24793696283726,68.94040172014795,60.00059832108,4,0,48.24793696283726,93
926,560.0,103.74793696283726,60.00059832108,3,2,60.00059832108,93
927,2060.0,1617.0,1060.00059832108,2,2,1060.00059832108,93
928,2060.0,2118.0,1060.00059832108,1,2,1060.00059832108,93
929,2060.0,2118.5,1060.00059832108,0,2,1060.00059832108,93
930,0.00059832108,0.50059832108,60.0,9,0,0.00059832108,94
931,0.01036655172,3.00059832108,60.0,8,0,0.01036655172,94
932,0.10603614420000002,8.51036655172,60.0,7,0,0.10603614420000002,94
933,1.6046298733500002,16.6060361442,60.0,6,0,1.6046298733500002,94
934,12.142227373605,45.10462987335,60.0,5,0,12.142227373605,94
935,45.1239708390345,65.642227373605,60.0,4,0,45.1239708390345,94
936,560.0,100.6239708390345,60.0,3,2,60.0,94
937,2060.0,1617.0,1060.0,2,2,1060.0,94
938,2060.0,2118.0,1060.0,1,2,1060.0,94
939,2060.0,2118.5,1060.0,0,2,1060.0,94
940,0.0,0.5,60.0,9,0,0.0,95
941,0.0019300679999999998,3.0,60.0,8,0,0.0019300679999999998,95
942,0.038610432,8.501930068,60.0,7,0,0.038610432,95
943,0.8814318345000001,16.538610432,60.0,6,0,0.8814318345000001,95
944,8.916965599500001,44.3814318345,60.0,5,0,8.916965599500001,95
945,41.16958334055,62.4169655995,60.0,4,0,41.16958334055,95
946,560.0,96.66958334054999,60.0,3,2,60.0,95
947,2060.0,1617.0,1060.0,2,2,1060.0,95
948,2060.0,2118.0,1060.0,1,2,1060.0,95
949,2060.0,2118.5,1060.0,0,2,1060.0,95
950,0.0,0.5,60.0,9,0,0.0,96
951,0.0,3.0,60.0,8,0,0.0,96
952,0.008391599999999999,8.5,60.0,7,0,0.008391599999999999,96
953,0.386127,16.5083916,60.0,6,0,0.386127,96
954,5.889514050000001,43.886127,60.0,5,0,5.889514050000001,96
955,36.164029545,59.38951405,60.0,4,0,36.164029545,96
956,560.0,91.664029545,60.0,3,2,60.0,96
957,2060.0,1617.0,1060.0,2,2,1060.0,96
958,2060.0,2118.0,1060.0,1,2,1060.0,96
959,2060.0,2118.5,1060.0,0,2,1060.0,96
960,0.0,0.5,60.0,9,0,0.0,97
961,0.0,3.0,60.0,8,0,0.0,97
962,0.0,8.5,60.0,7,0,0.0,97
963,0.10489499999999999,16.5,60.0,6,0,0.10489499999999999,97
964,3.229695,43.604895,60.0,5,0,3.229695,97
965,29.8278855,56.729695,60.0,4,0,29.8278855,97
966,560.0,85.32788550000001,60.0,3,2,60.0,97
967,2060.0,1617.0,1060.0,2,2,1060.0,97
968,2060.0,2118.0,1060.0,1,2,1060.0,97
969,2060.0,2118.5,1060.0,0,2,1060.0,97
970,0.0,0.5,60.0,9,0,0.0,98
971,0.0,3.0,60.0,8,0,0.0,98
972,0.0,8.5,60.0,7,0,0.0,98
973,0.0,16.5,60.0,6,0,0.0,98
974,1.1655,43.5,60.0,5,0,1.1655,98
975,21.80745,54.6655,60.0,4,0,21.80745,98
976,560.0,77.30745,60.0,3,2,60.0,98
977,2060.0,1617.0,1060.0,2,2,1060.0,98
978,2060.0,2118.0,1060.0,1,2,1060.0,98
979,2060.0,2118.5,1060.0,0,2,1060.0,98
980,0.0,0.5,60.0,9,0,0.0,99
981,0.0,3.0,60.0,8,0,0.0,99
982,0.0,8.5,60.0,7,0,0.0,99
983,0.0,16.5,60.0,6,0,0.0,99
984,0.0,43.5,60.0,5,0,0.0,99
985,11.655,53.5,60.0,4,0,11.655,99
986,557.75,67.155,60.0,3,2,60.0,99
987,2060.0,1614.75,1060.0,2,2,1060.0,99
988,2060.0,2118.0,1060.0,1,2,1060.0,99
989,2060.0,2118.5,1060.0,0,2,1060.0,99
990,0.0,0.5,60.0,9,0,0.0,100
991,0.0,3.0,60.0,8,0,0.0,100
992,0.0,8.5,60.0,7,0,0.0,100
993,0.0,16.5,60.0,6,0,0.0,100
994,0.0,43.5,60.0,5,0,0.0,100
995,0.0,53.5,60.0,4,0,0.0,100
996,500.0,55.5,60.0,3,1,55.5,100
997,2000.0,1557.0,1060.0,2,2,1060.0,100
998,2000.0,2058.0,1060.0,1,2,1060.0,100
999,2000.0,2058.5,1060.0,0,2,1060.0,100
